Time (%),Total Time (ns),Instances,Avg (ns),Med (ns),Min (ns),Max (ns),StdDev (ns),Name
57.9,623998634,300,2079995.4,1995068.5,1591888,3348447,332196.1,"void fast_lfs::rasterization::kernels::backward::blend_backward_cu<(DensificationType)2, (bool)0>(const uint2 *, const unsigned int *, const float2 *, const float4 *, const float3 *, const float *, const float3 *, const float *, const float *, const float *, const float *, const float *, const float *, const unsigned int *, const float *, float2 *, float *, float *, float3 *, float *, float3 *, float *, const float *, fast_lfs::rasterization::FastGSForwardStatus *, unsigned int, unsigned int, unsigned int, unsigned int, unsigned int)"
17.3,186592699,300,621975.7,611802.0,596795,691801,19562.1,"void fast_lfs::rasterization::kernels::backward::preprocess_backward_cu<(bool)0, (int)4>(const float3 *, const float3 *, const float4 *, const float4 *, const float4 *, const float3 *, const float *, const unsigned long *, const float2 *, const float *, const float *, const float3 *, float *, float3 *, float4 *, float *, unsigned int, float, float, float, float, float, float, unsigned int, fast_lfs::rasterization::FusedAdamSettings)"
11.6,124798831,300,415996.1,403068.5,322877,589147,55243.2,"void fast_lfs::rasterization::kernels::forward::blend_cu<(bool)0>(const uint2 *, const unsigned int *, const float2 *, const float4 *, const float3 *, const float *, const float3 *, float *, float *, float *, float *, unsigned int *, float *, const float *, const float *, unsigned int, unsigned int, unsigned int)"
3.4,36746940,38,967024.7,947351.0,642201,1318387,200441.1,"edge_compute::rasterization::kernels::forward::edge_blend_cu(const uint2 *, const unsigned int *, const float2 *, const float4 *, unsigned int, unsigned int, unsigned int, const float *, float *)"
1.8,19611392,300,65371.3,64911.0,47583,95327,7099.8,"fast_lfs::rasterization::kernels::forward::preprocess_cu(const float3 *, const float3 *, const float4 *, const float *, const float3 *, const float4 *, const float4 *, const float3 *, unsigned int *, float *, unsigned long *, ushort4 *, float2 *, float4 *, float3 *, float3 *, unsigned int, unsigned int, unsigned int, unsigned int, unsigned int, float, float, float, float, float, float, float, float, unsigned int, bool)"
1.5,15858182,300,52860.6,52864.0,52511,53215,138.7,"void <unnamed>::fusedL1SSIMBackwardCUDA<unsigned char, __half>(float, int, int, int, float, float, float, bool, const float *, const T1 *, float *, const T2 *, const T2 *, const T2 *)"
1.4,14618285,1352,10812.3,10624.0,9824,13344,650.8,"void cub::_V_300304_SM_890::detail::radix_sort::DeviceRadixSortOnesweepKernel<cub::_V_300304_SM_890::detail::radix_sort::policy_selector_from_types<unsigned int, unsigned int, unsigned int>, (cub::_V_300304_SM_890::SortOrder)0, unsigned int, unsigned int, unsigned int, int, int, cub::_V_300304_SM_890::detail::identity_decomposer_t>(T7 *, T7 *, T5 *, const T5 *, T3 *, const T3 *, T4 *, const T4 *, T6, int, int, T8)"
1.1,12218441,300,40728.1,40704.0,40415,41184,128.4,"void <unnamed>::fusedL1SSIMForwardCUDA<unsigned char>(int, int, int, float, float, const float *, const T1 *, __half *, __half *, __half *, float *)"
0.9,9736077,300,32453.6,32447.5,19968,45152,5218.2,"fast_lfs::rasterization::kernels::forward::create_instances_cu(const unsigned long *, const unsigned long *, const unsigned int *, const ushort4 *, const float2 *, const float4 *, unsigned int *, unsigned int *, fast_lfs::rasterization::FastGSForwardStatus *, unsigned int, unsigned int, unsigned int, unsigned int)"
0.4,4446231,300,14820.8,14496.0,12607,17568,874.6,"lfs::training::mrnf_strategy::fold_densification_and_zero_kernel(float *, float *, float *, unsigned long)"
0.3,2943718,300,9812.4,9824.0,9568,10015,79.2,"void lfs::training::kernels::<unnamed>::fused_l1_ssim_sum_kernel<unsigned char>(const float *, const T1 *, const float *, float *, float, int, int, int, int, bool)"
0.2,2163602,432,5008.3,4832.0,4544,7456,415.1,"void cub::_V_300304_SM_890::detail::merge_sort::DeviceMergeSortMergeKernel<cub::_V_300304_SM_890::detail::merge_sort::policy_hub<thrust::_V_300304_SM_890::device_ptr<float>>::Policy600, thrust::_V_300304_SM_890::device_ptr<float>, thrust::_V_300304_SM_890::device_ptr<long>, thrust::_V_300304_SM_890::device_ptr<float>, thrust::_V_300304_SM_890::device_ptr<long>, unsigned int, lfs::core::ops::sort_less_op, float, long, cub::_V_300304_SM_890::detail::merge_sort::VSMemHelper>(bool, T4, T5, T6, T8 *, T9 *, T7, T6 *, T6, cub::_V_300304_SM_890::detail::vsmem_t)"
0.2,1976846,78,25344.2,25503.5,21952,31455,3164.2,"void cub::_V_300304_SM_890::detail::merge_sort::DeviceMergeSortBlockSortKernel<cub::_V_300304_SM_890::detail::merge_sort::policy_hub<thrust::_V_300304_SM_890::device_ptr<float>>::Policy600, thrust::_V_300304_SM_890::device_ptr<float>, thrust::_V_300304_SM_890::device_ptr<long>, thrust::_V_300304_SM_890::device_ptr<float>, thrust::_V_300304_SM_890::device_ptr<long>, unsigned int, lfs::core::ops::sort_less_op, float, long, cub::_V_300304_SM_890::detail::merge_sort::VSMemHelper>(bool, T2, T3, T4, T5, T6, T8 *, T9 *, T7, cub::_V_300304_SM_890::detail::vsmem_t)"
0.2,1922093,300,6407.0,6528.0,3872,7840,892.6,"lfs::training::mrnf_strategy::mrnf_noise_injection_kernel(float *, const float *, const float *, const bool *, unsigned long, float, float, float, unsigned long, unsigned long)"
0.1,1573489,338,4655.3,4672.0,4288,4960,154.7,"void cub::_V_300304_SM_890::detail::radix_sort::DeviceRadixSortHistogramKernel<cub::_V_300304_SM_890::detail::radix_sort::policy_selector_from_types<unsigned int, unsigned int, unsigned int>, (cub::_V_300304_SM_890::SortOrder)0, unsigned int, unsigned int, cub::_V_300304_SM_890::detail::identity_decomposer_t>(T4 *, const T3 *, T4, int, int, T5)"
0.1,1492309,300,4974.4,5024.0,4576,5376,214.6,"void cub::_V_300304_SM_890::detail::scan::DeviceScanKernel<cub::_V_300304_SM_890::detail::scan::policy_hub<unsigned long, unsigned long, unsigned long, unsigned int, cuda::std::__4::plus<void>>::Policy1000, unsigned long *, unsigned long *, cub::_V_300304_SM_890::ScanTileState<unsigned long, (bool)1>, cuda::std::__4::plus<void>, cub::_V_300304_SM_890::NullType, unsigned int, unsigned long, (bool)0, cub::_V_300304_SM_890::NullType>(T2, T3, T4, int, T5, T6, T7)"
0.1,1228530,432,2843.8,2848.0,2432,3488,217.1,"void cub::_V_300304_SM_890::detail::merge_sort::DeviceMergeSortPartitionKernel<thrust::_V_300304_SM_890::device_ptr<float>, unsigned int, lfs::core::ops::sort_less_op, float>(bool, T1, T4 *, T2, T2, T2 *, T3, T2, int)"
0.1,1210385,38,31852.2,31360.0,23328,41952,5297.8,"edge_compute::rasterization::kernels::forward::create_instances_cu(const unsigned int *, const unsigned int *, const unsigned int *, const ushort4 *, const float2 *, const float4 *, unsigned int *, unsigned int *, unsigned int, unsigned int, unsigned int)"
0.1,1192850,38,31390.8,30656.0,28800,34816,1632.2,"edge_compute::rasterization::kernels::forward::preprocess_cu(const float3 *, const float3 *, const float4 *, const float *, const float4 *, unsigned int *, unsigned int *, ushort4 *, float2 *, float4 *, unsigned int, unsigned int, unsigned int, float, float, float, float, float, float, float, float, unsigned int, bool)"
0.1,1118900,2,559450.0,559450.0,539962,578938,27560.2,"lfs::core::tensor_ops::<unnamed>::fused_segmented_transform_reduce_kernel(const float *, float *, unsigned long, unsigned long, lfs::core::tensor_ops::FusedPointwiseOpChain, int)"
0.1,1066743,300,3555.8,3552.0,3264,3936,117.4,"fast_lfs::rasterization::kernels::forward::extract_instance_ranges_cu(const unsigned int *, uint2 *, fast_lfs::rasterization::FastGSForwardStatus *, unsigned int, unsigned int, unsigned int, const unsigned long *)"
0.1,1040724,300,3469.1,3456.0,3359,3616,47.0,"lfs::core::tensor_ops::clamp_kernel_vectorized(float *, float, float, unsigned long)"
0.1,877239,378,2320.7,2336.0,2112,2368,47.0,"lfs::training::kernels::normalize_by_device_scalar_kernel(float *, unsigned long, const float *, float)"
0.1,751317,300,2504.4,2496.0,2464,2560,20.1,"lfs::training::kernels::fused_grad_alpha_chw_kernel(const float *, const float *, float *, int, int)"
0.1,692950,300,2309.8,2304.0,2272,2367,15.8,"lfs::training::kernels::<unnamed>::ssim_to_error_map_kernel(const float *, float *, int, int, int)"
0.1,659480,38,17354.7,17376.0,16832,17919,203.8,"void lfs::training::kernels::fused_canny_edge_filter_chw_kernel<unsigned char>(const T1 *, float *, int, int)"
0.1,636250,2,318125.0,318125.0,313661,322589,6313.0,"void lfs::core::tensor_ops::broadcast_row_kernel_float<lfs::core::ops::sub_op>(const float *, const float *, float *, unsigned long, unsigned long, bool, T1)"
0.1,538875,300,1796.3,1792.0,1728,1824,18.8,"void cub::_V_300304_SM_890::detail::reduce::DeviceReduceKernel<cub::_V_300304_SM_890::detail::reduce::policy_selector_from_types<float, unsigned long long, cuda::std::__4::plus<void>>, const float *, unsigned long long, cuda::std::__4::plus<void>, float, cuda::std::__4::identity>(T2, T5 *, T3, cub::_V_300304_SM_890::GridEvenShare<T3>, T4, T6)"
0.0,500090,300,1667.0,1664.0,1600,1856,38.1,"lfs::training::kernels::<unnamed>::update_camera_loss_heatmap_kernel(const float *, int, float, float *, float *, unsigned long)"
0.0,423293,300,1411.0,1408.0,1376,1440,10.7,"lfs::training::kernels::<unnamed>::final_mean_reduce_kernel(const float *, float *, int, unsigned long)"
0.0,370907,300,1236.4,1248.0,1184,1408,22.5,"void cub::_V_300304_SM_890::detail::reduce::DeviceReduceSingleTileKernel<cub::_V_300304_SM_890::detail::reduce::policy_selector_from_types<float, unsigned long long, cuda::std::__4::plus<void>>, float *, float *, int, cuda::std::__4::plus<void>, float, float, cuda::std::__4::identity>(T2, T3, T4, T5, T6, T8)"
0.0,354396,78,4543.5,4544.0,4288,4928,100.9,"void cub::_V_300304_SM_890::detail::select::DeviceSelectSweepKernel<cub::_V_300304_SM_890::detail::select::policy_hub<float, bool, int, (bool)0, (cub::_V_300304_SM_890::SelectImpl)0>::Policy1000, thrust::_V_300304_SM_890::transform_iterator<lfs::core::ops::extract_value_op, thrust::_V_300304_SM_890::zip_iterator<cuda::std::__4::tuple<thrust::_V_300304_SM_890::device_ptr<const float>, thrust::_V_300304_SM_890::device_ptr<const unsigned char>>>, thrust::_V_300304_SM_890::use_default, thrust::_V_300304_SM_890::use_default>, thrust::_V_300304_SM_890::transform_iterator<lfs::core::ops::extract_mask_op, thrust::_V_300304_SM_890::zip_iterator<cuda::std::__4::tuple<thrust::_V_300304_SM_890::device_ptr<const float>, thrust::_V_300304_SM_890::device_ptr<const unsigned char>>>, thrust::_V_300304_SM_890::use_default, thrust::_V_300304_SM_890::use_default>, thrust::_V_300304_SM_890::device_ptr<float>, long *, cub::_V_300304_SM_890::ScanTileState<int, (bool)1>, void lfs::core::tensor_ops::<unnamed>::launch_masked_select_impl<float>(const T1 *, const unsigned char *, T1 *, unsigned long, unsigned long, CUstream_st *)::[lambda(bool) (instance 1)], cub::_V_300304_SM_890::NullType, int, cub::_V_300304_SM_890::detail::select::streaming_context_t<long, (bool)1>, (cub::_V_300304_SM_890::SelectImpl)0>(T2, T3, T4, T5, T6, T7, T8, T9, int, T10, cub::_V_300304_SM_890::detail::vsmem_t)"
0.0,346108,338,1024.0,1024.0,992,1056,12.8,"void cub::_V_300304_SM_890::detail::radix_sort::DeviceRadixSortExclusiveSumKernel<cub::_V_300304_SM_890::detail::radix_sort::policy_selector_from_types<unsigned int, unsigned int, unsigned int>, unsigned int>(T2 *)"
0.0,305950,300,1019.8,1024.0,992,1184,27.7,"void cub::_V_300304_SM_890::detail::transform::transform_kernel<cub::_V_300304_SM_890::detail::transform::policy_selector_from_types<(bool)1, (bool)1, cuda::std::__4::tuple<thrust::_V_300304_SM_890::device_ptr<const float>, thrust::_V_300304_SM_890::device_ptr<const float>>, thrust::_V_300304_SM_890::device_ptr<float>>, int, cub::_V_300304_SM_890::detail::transform::always_true_predicate, lfs::core::ops::add_op, float *, const float *, const float *>(T2, int, bool, T3, T4, T5, cub::_V_300304_SM_890::detail::transform::kernel_arg<T6>...)"
0.0,295358,300,984.5,992.0,959,1152,22.9,"void cub::_V_300304_SM_890::detail::transform::transform_kernel<cub::_V_300304_SM_890::detail::transform::policy_selector_from_types<(bool)1, (bool)1, cuda::std::__4::tuple<thrust::_V_300304_SM_890::device_ptr<float>>, thrust::_V_300304_SM_890::device_ptr<float>>, int, cub::_V_300304_SM_890::detail::transform::always_true_predicate, lfs::core::tensor_ops::DivideByFunctor, float *, float *>(T2, int, bool, T3, T4, T5, cub::_V_300304_SM_890::detail::transform::kernel_arg<T6>...)"
0.0,268700,300,895.7,864.0,768,1376,92.9,"void cub::_V_300304_SM_890::detail::scan::DeviceScanInitKernel<cub::_V_300304_SM_890::ScanTileState<unsigned long, (bool)1>>(T1, int)"
0.0,227453,6,37908.8,19135.5,18560,76799,29460.9,"void fast_lfs::optimizer::kernels::adam::joint_encode_zero_shN_cu<(int)8>(unsigned char *, const float *, const long *, int, int)"
0.0,197503,80,2468.8,2496.0,2336,2560,60.5,"void cub::_V_300304_SM_890::detail::transform::transform_kernel<cub::_V_300304_SM_890::detail::transform::policy_selector_from_types<(bool)1, (bool)1, cuda::std::__4::tuple<thrust::_V_300304_SM_890::zip_iterator<cuda::std::__4::tuple<thrust::_V_300304_SM_890::device_ptr<float>, thrust::_V_300304_SM_890::device_ptr<const unsigned char>>>>, thrust::_V_300304_SM_890::device_ptr<float>>, int, cub::_V_300304_SM_890::detail::transform::always_true_predicate, lfs::core::ops::masked_fill_op<float>, float *, thrust::_V_300304_SM_890::zip_iterator<cuda::std::__4::tuple<thrust::_V_300304_SM_890::device_ptr<float>, thrust::_V_300304_SM_890::device_ptr<const unsigned char>>>>(T2, int, bool, T3, T4, T5, cub::_V_300304_SM_890::detail::transform::kernel_arg<T6>...)"
0.0,194111,78,2488.6,2336.0,2048,4256,436.3,"void cub::_V_300304_SM_890::detail::transform::transform_kernel<cub::_V_300304_SM_890::detail::transform::policy_selector_from_types<(bool)0, (bool)1, cuda::std::__4::tuple<cuda::__4::counting_iterator<long>>, thrust::_V_300304_SM_890::device_ptr<long>>, int, cub::_V_300304_SM_890::detail::transform::always_true_predicate, cuda::__4::__callable_permitting_copied_arguments<thrust::_V_300304_SM_890::system::detail::generic::detail::compute_sequence_value<long>>, long *, cuda::__4::counting_iterator<long>>(T2, int, bool, T3, T4, T5, cub::_V_300304_SM_890::detail::transform::kernel_arg<T6>...)"
0.0,169981,88,1931.6,2016.0,1504,2112,161.5,"void cub::_V_300304_SM_890::detail::transform::transform_kernel<cub::_V_300304_SM_890::detail::transform::policy_selector_from_types<(bool)1, (bool)1, cuda::std::__4::tuple<thrust::_V_300304_SM_890::device_ptr<const float>>, thrust::_V_300304_SM_890::device_ptr<unsigned char>>, int, cub::_V_300304_SM_890::detail::transform::always_true_predicate, lfs::core::ops::scalar_right_op<lfs::core::ops::greater_op, float>, unsigned char *, const float *>(T2, int, bool, T3, T4, T5, cub::_V_300304_SM_890::detail::transform::kernel_arg<T6>...)"
0.0,157024,16,9814.0,9984.0,8672,10816,630.0,"void cub::_V_300304_SM_890::detail::radix_sort::DeviceRadixSortOnesweepKernel<cub::_V_300304_SM_890::detail::radix_sort::policy_selector_from_types<float, long, unsigned int>, (cub::_V_300304_SM_890::SortOrder)1, float, long, unsigned int, int, int, cub::_V_300304_SM_890::detail::identity_decomposer_t>(T7 *, T7 *, T5 *, const T5 *, T3 *, const T3 *, T4 *, const T4 *, T6, int, int, T8)"
0.0,148639,78,1905.6,1952.0,1472,2048,121.0,"void cub::_V_300304_SM_890::detail::transform::transform_kernel<cub::_V_300304_SM_890::detail::transform::policy_selector_from_types<(bool)1, (bool)1, cuda::std::__4::tuple<thrust::_V_300304_SM_890::device_ptr<const float>>, thrust::_V_300304_SM_890::device_ptr<unsigned char>>, int, cub::_V_300304_SM_890::detail::transform::always_true_predicate, lfs::core::ops::isnan_op, unsigned char *, const float *>(T2, int, bool, T3, T4, T5, cub::_V_300304_SM_890::detail::transform::kernel_arg<T6>...)"
0.0,144000,38,3789.5,3728.0,3520,4192,198.5,"void cub::_V_300304_SM_890::detail::scan::DeviceScanKernel<cub::_V_300304_SM_890::detail::scan::policy_hub<unsigned int, unsigned int, unsigned int, unsigned int, cuda::std::__4::plus<void>>::Policy1000, unsigned int *, unsigned int *, cub::_V_300304_SM_890::ScanTileState<unsigned int, (bool)1>, cuda::std::__4::plus<void>, cub::_V_300304_SM_890::NullType, unsigned int, unsigned int, (bool)0, cub::_V_300304_SM_890::NullType>(T2, T3, T4, int, T5, T6, T7)"
0.0,127551,38,3356.6,3424.0,1952,3680,351.2,"void lfs::core::tensor_ops::vectorized_binary_kernel<lfs::core::ops::add_op>(const float *, const float *, float *, unsigned long, T1)"
0.0,126911,2,63455.5,63455.5,60255,66656,4526.2,"void lfs::core::<unnamed>::gather_to_linear_kernel<long>(const float4 *, const T1 *, float *, unsigned int, unsigned int, unsigned int)"
0.0,123038,38,3237.8,3232.0,3008,3424,109.4,"edge_compute::rasterization::kernels::forward::extract_instance_ranges_cu(const unsigned int *, uint2 *, unsigned int, unsigned int)"
0.0,122495,82,1493.8,1456.0,1344,1824,107.0,"void cub::_V_300304_SM_890::detail::reduce::DeviceReduceKernel<cub::_V_300304_SM_890::detail::reduce::policy_selector_from_types<long, unsigned int, cuda::std::__4::plus<long>>, thrust::_V_300304_SM_890::transform_iterator<lfs::core::ops::is_nonzero_bool_op, thrust::_V_300304_SM_890::device_ptr<const unsigned char>, long, long>, unsigned int, cuda::std::__4::plus<long>, long, cuda::std::__4::identity>(T2, T5 *, T3, cub::_V_300304_SM_890::GridEvenShare<T3>, T4, T6)"
0.0,106079,90,1178.7,1120.0,1088,1376,84.5,"void cub::_V_300304_SM_890::detail::reduce::DeviceReduceSingleTileKernel<cub::_V_300304_SM_890::detail::reduce::policy_selector_from_types<long, unsigned int, cuda::std::__4::plus<long>>, long *, long *, int, cuda::std::__4::plus<long>, long, long, cuda::std::__4::identity>(T2, T3, T4, T5, T6, T8)"
0.0,100864,30,3362.1,2368.0,1440,7744,1950.0,"void fast_lfs::optimizer::kernels::adam::joint_encode_zero_rows_cu<(int)16>(unsigned char *, const float *, const long *, int, int)"
0.0,66816,86,776.9,768.0,736,800,16.0,"void cub::_V_300304_SM_890::detail::scan::DeviceCompactInitKernel<cub::_V_300304_SM_890::ScanTileState<int, (bool)1>, long *>(T1, int, T2)"
0.0,36224,38,953.3,976.0,768,1312,169.0,"void cub::_V_300304_SM_890::detail::scan::DeviceScanInitKernel<cub::_V_300304_SM_890::ScanTileState<unsigned int, (bool)1>>(T1, int)"
0.0,23935,2,11967.5,11967.5,10720,13215,1764.2,"lfs::training::kernels::long_axis_split_gaussians_inplace_kernel(float *, float *, float *, const float *, const float *, float *, float *, float *, float *, float *, float *, float *, const long *, int, int)"
0.0,23232,14,1659.4,1600.0,1440,2496,294.9,"void cub::_V_300304_SM_890::detail::reduce::DeviceReduceKernel<cub::_V_300304_SM_890::detail::reduce::policy_selector_from_types<long, unsigned long long, cuda::std::__4::plus<void>>, thrust::_V_300304_SM_890::transform_iterator<lfs::core::tensor_ops::BoolToInt64Op, thrust::_V_300304_SM_890::device_ptr<const bool>, thrust::_V_300304_SM_890::use_default, thrust::_V_300304_SM_890::use_default>, unsigned long long, cuda::std::__4::plus<void>, long, cuda::std::__4::identity>(T2, T5 *, T3, cub::_V_300304_SM_890::GridEvenShare<T3>, T4, T6)"
0.0,21184,2,10592.0,10592.0,9664,11520,1312.4,"lfs::training::mrnf_strategy::mrnf_decay_kernel(float *, float *, const bool *, unsigned long, float, float, float, unsigned long)"
0.0,19488,10,1948.8,1888.0,1760,2368,169.0,"void lfs::core::tensor_ops::vectorized_binary_kernel<lfs::core::ops::mul_op>(const float *, const float *, float *, unsigned long, T1)"
0.0,19328,4,4832.0,4864.0,4576,5024,193.8,"void cub::_V_300304_SM_890::detail::select::DeviceSelectSweepKernel<cub::_V_300304_SM_890::detail::select::policy_hub<long, float, int, (bool)0, (cub::_V_300304_SM_890::SelectImpl)0>::Policy1000, thrust::_V_300304_SM_890::counting_iterator<long, thrust::_V_300304_SM_890::use_default, thrust::_V_300304_SM_890::use_default, thrust::_V_300304_SM_890::use_default, thrust::_V_300304_SM_890::compile_time_value<(int)1>>, thrust::_V_300304_SM_890::device_ptr<const float>, thrust::_V_300304_SM_890::device_ptr<long>, long *, cub::_V_300304_SM_890::ScanTileState<int, (bool)1>, lfs::training::mrnf_strategy::<unnamed>::positive_weight, cub::_V_300304_SM_890::NullType, int, cub::_V_300304_SM_890::detail::select::streaming_context_t<long, (bool)1>, (cub::_V_300304_SM_890::SelectImpl)0>(T2, T3, T4, T5, T6, T7, T8, T9, int, T10, cub::_V_300304_SM_890::detail::vsmem_t)"
0.0,16384,12,1365.3,1376.0,1280,1440,43.9,"void lfs::core::tensor_ops::scatter_kernel<float>(T1 *, const int *, const T1 *, unsigned long, unsigned long, unsigned long, unsigned long, int)"
0.0,15904,4,3976.0,3968.0,3936,4032,48.0,"void cub::_V_300304_SM_890::detail::select::DeviceSelectSweepKernel<cub::_V_300304_SM_890::detail::select::policy_hub<long, unsigned char, int, (bool)0, (cub::_V_300304_SM_890::SelectImpl)0>::Policy1000, thrust::_V_300304_SM_890::counting_iterator<long, thrust::_V_300304_SM_890::use_default, thrust::_V_300304_SM_890::use_default, thrust::_V_300304_SM_890::use_default, thrust::_V_300304_SM_890::compile_time_value<(int)1>>, thrust::_V_300304_SM_890::device_ptr<const unsigned char>, thrust::_V_300304_SM_890::device_ptr<long>, long *, cub::_V_300304_SM_890::ScanTileState<int, (bool)1>, lfs::core::ops::nonzero_bool_predicate, cub::_V_300304_SM_890::NullType, int, cub::_V_300304_SM_890::detail::select::streaming_context_t<long, (bool)1>, (cub::_V_300304_SM_890::SelectImpl)0>(T2, T3, T4, T5, T6, T7, T8, T9, int, T10, cub::_V_300304_SM_890::detail::vsmem_t)"
0.0,15552,14,1110.9,1040.0,1024,1280,109.0,"void cub::_V_300304_SM_890::detail::reduce::DeviceReduceSingleTileKernel<cub::_V_300304_SM_890::detail::reduce::policy_selector_from_types<long, unsigned long long, cuda::std::__4::plus<void>>, long *, long *, int, cuda::std::__4::plus<void>, long, long, cuda::std::__4::identity>(T2, T3, T4, T5, T6, T8)"
0.0,14528,8,1816.0,1808.0,1728,1888,58.6,"void cub::_V_300304_SM_890::detail::transform::transform_kernel<cub::_V_300304_SM_890::detail::transform::policy_selector_from_types<(bool)1, (bool)1, cuda::std::__4::tuple<thrust::_V_300304_SM_890::device_ptr<const unsigned char>, thrust::_V_300304_SM_890::device_ptr<const unsigned char>>, thrust::_V_300304_SM_890::device_ptr<unsigned char>>, int, cub::_V_300304_SM_890::detail::transform::always_true_predicate, lfs::core::ops::logical_or_op, unsigned char *, const unsigned char *, const unsigned char *>(T2, int, bool, T3, T4, T5, cub::_V_300304_SM_890::detail::transform::kernel_arg<T6>...)"
0.0,13246,4,3311.5,3312.0,3231,3391,76.2,"void cub::_V_300304_SM_890::detail::radix_sort::DeviceRadixSortHistogramKernel<cub::_V_300304_SM_890::detail::radix_sort::policy_selector_from_types<float, long, unsigned int>, (cub::_V_300304_SM_890::SortOrder)1, float, unsigned int, cub::_V_300304_SM_890::detail::identity_decomposer_t>(T4 *, const T3 *, T4, int, int, T5)"
0.0,12896,14,921.1,912.0,896,992,33.6,"void cub::_V_300304_SM_890::detail::transform::transform_kernel<cub::_V_300304_SM_890::detail::transform::policy_selector_from_types<(bool)1, (bool)1, cuda::std::__4::tuple<thrust::_V_300304_SM_890::device_ptr<const long>>, thrust::_V_300304_SM_890::device_ptr<int>>, int, cub::_V_300304_SM_890::detail::transform::always_true_predicate, lfs::core::tensor_ops::ConvertFunctor<long, int>, int *, const long *>(T2, int, bool, T3, T4, T5, cub::_V_300304_SM_890::detail::transform::kernel_arg<T6>...)"
0.0,12704,4,3176.0,3040.0,2944,3680,343.0,"lfs::training::mrnf_strategy::gumbel_key_for_indices_kernel(const float *, const long *, float *, unsigned long, unsigned long)"
0.0,11936,2,5968.0,5968.0,5664,6272,429.9,"lfs::core::<unnamed>::gather_from_linear_kernel(float4 *, unsigned int, const float *, unsigned int, unsigned int, unsigned int)"
0.0,10560,6,1760.0,1744.0,1664,1888,94.9,"void cub::_V_300304_SM_890::detail::transform::transform_kernel<cub::_V_300304_SM_890::detail::transform::policy_selector_from_types<(bool)1, (bool)1, cuda::std::__4::tuple<thrust::_V_300304_SM_890::device_ptr<const unsigned char>, thrust::_V_300304_SM_890::device_ptr<const unsigned char>>, thrust::_V_300304_SM_890::device_ptr<unsigned char>>, int, cub::_V_300304_SM_890::detail::transform::always_true_predicate, lfs::core::ops::logical_and_op, unsigned char *, const unsigned char *, const unsigned char *>(T2, int, bool, T3, T4, T5, cub::_V_300304_SM_890::detail::transform::kernel_arg<T6>...)"
0.0,10048,6,1674.7,1664.0,1632,1728,33.0,"void cub::_V_300304_SM_890::detail::transform::transform_kernel<cub::_V_300304_SM_890::detail::transform::policy_selector_from_types<(bool)1, (bool)1, cuda::std::__4::tuple<thrust::_V_300304_SM_890::device_ptr<const unsigned char>>, thrust::_V_300304_SM_890::device_ptr<float>>, int, cub::_V_300304_SM_890::detail::transform::always_true_predicate, lfs::core::tensor_ops::ConvertFunctor<unsigned char, float>, float *, const unsigned char *>(T2, int, bool, T3, T4, T5, cub::_V_300304_SM_890::detail::transform::kernel_arg<T6>...)"
0.0,9984,4,2496.0,2512.0,2432,2528,45.3,"lfs::core::tensor_ops::<unnamed>::pointwise_chain_vec4_kernel(const float *, float *, unsigned long, lfs::core::tensor_ops::FusedPointwiseOpChain)"
0.0,8704,2,4352.0,4352.0,4256,4448,135.8,"lfs::core::<unnamed>::scatter_linear_kernel(float4 *, const int *, const float *, unsigned int, unsigned int, unsigned int)"
0.0,7296,2,3648.0,3648.0,3264,4032,543.1,"lfs::core::tensor_ops::warp_tiny_segment_reduce_min_kernel(const float *, float *, unsigned long, unsigned long)"
0.0,6944,4,1736.0,1760.0,1536,1888,155.4,"void cub::_V_300304_SM_890::detail::reduce::DeviceReduceKernel<cub::_V_300304_SM_890::detail::reduce::policy_selector_from_types<long, unsigned int, cuda::std::__4::plus<long>>, thrust::_V_300304_SM_890::transform_iterator<lfs::core::ops::is_nonzero_op<float>, thrust::_V_300304_SM_890::device_ptr<const float>, long, long>, unsigned int, cuda::std::__4::plus<long>, long, cuda::std::__4::identity>(T2, T5 *, T3, cub::_V_300304_SM_890::GridEvenShare<T3>, T4, T6)"
0.0,6752,4,1688.0,1712.0,1568,1760,91.9,"void cub::_V_300304_SM_890::detail::reduce::DeviceReduceKernel<cub::_V_300304_SM_890::detail::reduce::policy_selector_from_types<long, unsigned int, cuda::std::__4::plus<long>>, thrust::_V_300304_SM_890::transform_iterator<lfs::training::mrnf_strategy::<unnamed>::positive_weight, thrust::_V_300304_SM_890::device_ptr<const float>, long, long>, unsigned int, cuda::std::__4::plus<long>, long, cuda::std::__4::identity>(T2, T5 *, T3, cub::_V_300304_SM_890::GridEvenShare<T3>, T4, T6)"
0.0,6656,4,1664.0,1664.0,1504,1824,167.3,"void cub::_V_300304_SM_890::detail::transform::transform_kernel<cub::_V_300304_SM_890::detail::transform::policy_selector_from_types<(bool)1, (bool)1, cuda::std::__4::tuple<thrust::_V_300304_SM_890::device_ptr<const float>>, thrust::_V_300304_SM_890::device_ptr<unsigned char>>, int, cub::_V_300304_SM_890::detail::transform::always_true_predicate, lfs::core::ops::scalar_right_op<lfs::core::ops::less_op, float>, unsigned char *, const float *>(T2, int, bool, T3, T4, T5, cub::_V_300304_SM_890::detail::transform::kernel_arg<T6>...)"
0.0,6496,2,3248.0,3248.0,3168,3328,113.1,"lfs::core::tensor_ops::warp_tiny_segment_reduce_max_kernel(const float *, float *, unsigned long, unsigned long)"
0.0,5600,4,1400.0,1392.0,1376,1440,30.6,"void cub::_V_300304_SM_890::detail::transform::transform_kernel<cub::_V_300304_SM_890::detail::transform::policy_selector_from_types<(bool)1, (bool)1, cuda::std::__4::tuple<thrust::_V_300304_SM_890::device_ptr<const unsigned char>>, thrust::_V_300304_SM_890::device_ptr<unsigned char>>, int, cub::_V_300304_SM_890::detail::transform::always_true_predicate, lfs::core::ops::logical_not_op, unsigned char *, const unsigned char *>(T2, int, bool, T3, T4, T5, cub::_V_300304_SM_890::detail::transform::kernel_arg<T6>...)"
0.0,5120,2,2560.0,2560.0,2464,2656,135.8,"lfs::training::pruning::compute_near_zero_rotation_mask_kernel(const float *, unsigned char *, unsigned long)"
0.0,4096,4,1024.0,1024.0,1024,1024,0.0,"void cub::_V_300304_SM_890::detail::radix_sort::DeviceRadixSortExclusiveSumKernel<cub::_V_300304_SM_890::detail::radix_sort::policy_selector_from_types<float, long, unsigned int>, unsigned int>(T2 *)"
0.0,3168,2,1584.0,1584.0,1568,1600,22.6,"void lfs::core::tensor_ops::vectorized_scalar_broadcast_kernel<lfs::core::ops::div_op>(const float *, float, float *, unsigned long, T1)"
